,book_link,user_id
0,/book/show/57564913-batman-vol-1,22106879
1,/book/show/57271994-batman-superman-vol-2,22106879
2,/book/show/56942949-batman,22106879
3,/book/show/56769639-justice-league,22106879
4,/book/show/56047775-nightwing-vol-11,22106879
5,/book/show/56047877-batman-vol-3,22106879
6,/book/show/55979848-superman,22106879
7,/book/show/55286601-young-justice-vol-2,22106879
8,/book/show/55750289-wonder-woman,22106879
9,/book/show/54627972-batman,22106879
10,/book/show/54901002-batman-and-the-outsiders-vol-2,22106879
11,/book/show/53428736-supergirl-vol-3,22106879
12,/book/show/54313675-superman-s-pal-jimmy-olsen,22106879
13,/book/show/53259137-batman-superman-vol-1,22106879
14,/book/show/53075839-batman,22106879
15,/book/show/53179401-superman-volume-4,22106879
16,/book/show/52628752-aquaman-vol-2,22106879
17,/book/show/50223712-justice-league-volume-4,22106879
18,/book/show/52541588-young-justice-vol-3,22106879
19,/book/show/48905388-year-of-the-villain,22106879
20,/book/show/60491573-nocterra-8,22106879
21,/book/show/59531481-nocterra-7,22106879
22,/book/show/59725890-nocterra,22106879
23,/book/show/58798223-nocterra-6,22106879
24,/book/show/58515609-nocterra-5,22106879
25,/book/show/58238652-nocterra-4,22106879
26,/book/show/57950620-nocterra-3,22106879
27,/book/show/57653583-nocterra-2,22106879
28,/book/show/56987515-nocterra-1,22106879
29,/book/show/62105344-nocterra-vol-1,22106879
30,/book/show/62105335-nocterra-vol-2,22106879
31,/book/show/60746066-teenage-mutant-ninja-turtles-annual-2022,22106879
32,/book/show/60722048-teenage-mutant-ninja-turtles-130,22106879
33,/book/show/60538922-teenage-mutant-ninja-turtles-129,22106879
34,/book/show/60538921-teenage-mutant-ninja-turtles-128,22106879
35,/book/show/60538920-teenage-mutant-ninja-turtles-127,22106879
36,/book/show/60454199-teenage-mutant-ninja-turtles-126,22106879
37,/book/show/60214768-teenage-mutant-ninja-turtles-125,22106879
38,/book/show/59827299-teenage-mutant-ninja-turtles-124,22106879
39,/book/show/59766743-teenage-mutant-ninja-turtles-123,22106879
40,/book/show/39151953-saga-52,22106879
41,/book/show/38219165-saga-51,22106879
42,/book/show/37762267-saga-50,22106879
43,/book/show/36986823-saga-49,22106879
44,/book/show/35919919-saga-48,22106879
45,/book/show/35681015-saga-47,22106879
46,/book/show/35392899-saga-46,22106879
47,/book/show/35276074-saga-45,22106879
48,/book/show/34907992-saga-44,22106879
49,/book/show/34831352-saga-43,22106879
50,/book/show/33380654-saga-42,22106879
51,/book/show/32932996-saga-41,22106879
52,/book/show/32612120-saga-40,22106879
53,/book/show/32033450-saga-39,22106879
54,/book/show/31752495-saga-38,22106879
55,/book/show/30983255-saga-37,22106879
56,/book/show/60166394-saga-57,22106879
57,/book/show/60166392-saga-56,22106879
58,/book/show/59664153-saga-55,22106879
59,/book/show/30041179-saga-36,22106879
60,/book/show/25285179-convergence,22106879
61,/book/show/25567941-convergence,22106879
62,/book/show/25405215-convergence,22106879
63,/book/show/25567937-convergence,22106879
64,/book/show/25405244-convergence,22106879
65,/book/show/25567905-convergence,22106879
66,/book/show/25405225-convergence,22106879
67,/book/show/25589324-convergence,22106879
68,/book/show/25405256-convergence,22106879
69,/book/show/25567949-convergence,22106879
70,/book/show/25405239-convergence,22106879
71,/book/show/25567945-convergence,22106879
72,/book/show/25405213-convergence,22106879
73,/book/show/25567948-convergence,22106879
74,/book/show/25405243-convergence,22106879
75,/book/show/25567993-convergence,22106879
76,/book/show/25405246-convergence,22106879
77,/book/show/25608186-convergence,22106879
78,/book/show/25447723-convergence,22106879
79,/book/show/25608206-convergence,22106879
80,/book/show/19858416-action-comics-2011-2016-23-4,22106879
81,/book/show/19889585-action-comics-2011-2016-23-3,22106879
82,/book/show/20226090-action-comics-2011-2016-23-2,22106879
83,/book/show/19703655-justice-league-of-america-2013-2015-7-4,22106879
84,/book/show/19578669-justice-league-of-america-2013-2015-7-3,22106879
85,/book/show/19786620-justice-league-of-america-2013-2015-7-2,22106879
86,/book/show/19657198-justice-league-2011-2016-23-4,22106879
87,/book/show/19113861-justice-league-2011-2016-23-3,22106879
88,/book/show/19574087-justice-league-2011-2016-23-2,22106879
89,/book/show/18922991-batman,22106879
90,/book/show/19780006-batman,22106879
91,/book/show/23791434-batman,22106879
92,/book/show/19708230-batman-superman-2013-2016-3-1,22106879
93,/book/show/18923024-batman-and-robin-2011-2015-23-4,22106879
94,/book/show/23932175-batman-and-robin-2011-2015-23-3,22106879
95,/book/show/19745828-batman-and-robin-2011-2015-23-2,22106879
96,/book/show/19698960-batman-and-robin-2011-2015-23-1,22106879
97,/book/show/19639962-detective-comics-2011-2016-23-3,22106879
98,/book/show/19567091-detective-comics-2011-2016-23-4,22106879
99,/book/show/18923008-detective-comics-2011-2016-23-1,22106879
100,/book/show/41572050-the-liar-s-wife,80549046
101,/book/show/59364189-the-darkness-in-the-light,80549046
102,/book/show/58894223-my-husband-s-secrets,80549046
103,/book/show/57557556-girl-a,80549046
104,/book/show/50024025-the-hit-list,80549046
105,/book/show/44557072-seven-days,80549046
106,/book/show/15793231-if-you-find-me,80549046
107,/book/show/60048770-the-killer-s-family,80549046
108,/book/show/45027797-every-last-fear,80549046
109,/book/show/55573681-the-accomplice,80549046
110,/book/show/60119511-all-we-hold-dear,80549046
111,/book/show/58668863-her-darkest-secret,80549046
112,/book/show/58424133-the-lies-i-tell,80549046
113,/book/show/58939854-never-coming-home,80549046
114,/book/show/34914739-i-am-watching-you,80549046
115,/book/show/52757344-date-night,80549046
116,/book/show/10460266-the-talk-funny-girl,80549046
117,/book/show/17185496-the-sacred-lies-of-minnow-bly,80549046
118,/book/show/55333617-what-s-done-in-darkness,80549046
119,/book/show/59652812-beneath-cruel-waters,80549046
120,/book/show/5422154-the-neighbor,80549046
121,/book/show/49569511-the-whole-truth,80549046
122,/book/show/40139355-in-the-dark,80549046
123,/book/show/59856071-all-that-s-left-unsaid,80549046
124,/book/show/55100588-the-collective,80549046
125,/book/show/54860343-gone-for-good,80549046
126,/book/show/43518959-all-the-rage,80549046
127,/book/show/30689335-the-roanoke-girls,80549046
128,/book/show/59802032-the-ninth-month,80549046
129,/book/show/61401417-holiday-romance,80549046
130,/book/show/23398806-eeny-meeny,80549046
131,/book/show/58812216-long-gone,80549046
132,/book/show/52342213-the-killing-choice,80549046
133,/book/show/40948385-too-close-to-home,80549046
134,/book/show/35479008-my-little-eye,80549046
135,/book/show/7159515-still-missing,80549046
136,/book/show/60243188-bliss-montage,80549046
137,/book/show/61115176-the-unbelieved,80549046
138,/book/show/45046750-the-split,80549046
139,/book/show/61673851-punishment,80549046
140,/book/show/59985790-blink-of-an-eye,80549046
141,/book/show/58267582-under-a-dark-cloud,80549046
142,/book/show/46031873-the-best-girls,80549046
143,/book/show/36161336-one-in-custody,80549046
144,/book/show/61619569-uncharted-waters,80549046
145,/book/show/61655183-stockholm,80549046
146,/book/show/54381795-snowflakes,80549046
147,/book/show/54419359-the-gift,80549046
148,/book/show/54386799-slow-burner,80549046
149,/book/show/59133043-her-second-death,80549046
150,/book/show/61045711-signal-moon,80549046
151,/book/show/61434477-lake-of-lies,80549046
152,/book/show/60605319-what-meets-the-eye,80549046
153,/book/show/62973163-the-innocent-wife,80549046
154,/book/show/32722598-with-our-blessing,80549046
155,/book/show/60564484-the-man-i-never-met,80549046
156,/book/show/57937502-you-can-run,80549046
157,/book/show/61043413-all-the-dark-places,80549046
158,/book/show/62367110-the-hiking-trip,80549046
159,/book/show/33139098-sleeping-beauties,80549046
160,/book/show/59817023-every-little-secret,80549046
161,/book/show/56598610-the-quiet-people,80549046
162,/book/show/63113015-liars-anonymous,80549046
163,/book/show/60784628-the-mitford-secret,80549046
164,/book/show/60314811-you-should-have-told-me,80549046
165,/book/show/61424779-the-hike,80549046
166,/book/show/57132570-cabin-fever,80549046
167,/book/show/62996958-not-so-perfect-strangers,80549046
168,/book/show/63105519-the-helpdesk,80549046
169,/book/show/53112732-after-the-fire,80549046
170,/book/show/62818721-the-other-mothers,80549046
171,/book/show/57577167-on-a-night-like-this,80549046
172,/book/show/55905003-greenwich-park,80549046
173,/book/show/41587116-dear-wife,80549046
174,/book/show/51933429-the-guest-list,80549046
175,/book/show/43982433-someone-we-know,80549046
176,/book/show/63112332-you-can-die,80549046
177,/book/show/64945253-pearl-in-deep,80549046
178,/book/show/40958490-the-boy-who-fell,80549046
179,/book/show/49418492-watching-from-the-dark,80549046
180,/book/show/35940014-broken-bones,80549046
181,/book/show/61386987-drop-shot,80549046
182,/book/show/58721409-stolen-ones,80549046
183,/book/show/61851828-all-her-little-lies,80549046
184,/book/show/60095973-ghost-eaters,80549046
185,/book/show/57504564-next-of-kin,80549046
186,/book/show/62072146-in-the-blink-of-an-eye,80549046
187,/book/show/61332368-night-shadows,80549046
188,/book/show/61108193-the-call-of-cassandra-rose,80549046
189,/book/show/61407189-femicide,80549046
190,/book/show/50774470-agatha,80549046
191,/book/show/60776206-see-it-end,80549046
192,/book/show/61311085-the-kind-to-kill,80549046
193,/book/show/61684414-office-hours,80549046
194,/book/show/61858482-hidden-scars,80549046
195,/book/show/24998924-splinter-the-silence,80549046
196,/book/show/58724739-long-gone,80549046
197,/book/show/58724923-hidden-pictures,80549046
198,/book/show/7180727-live-to-tell,80549046
199,/book/show/53780642-the-employees,80549046
200,/book/show/45287.Poetry_and_Prose,11828431
201,/book/show/293918.Song_of_Myself,11828431
202,/book/show/27494.Leaves_of_Grass,11828431
203,/book/show/773798.Ukraine,11828431
204,/book/show/20567.Scenes_of_Clerical_Life,11828431
205,/book/show/20563.Adam_Bede,11828431
206,/book/show/20564.The_Mill_on_the_Floss,11828431
207,/book/show/19089.Middlemarch,11828431
208,/book/show/223229.Middlemarch_Silas_Marner_Amos_Barton,11828431
209,/book/show/54539.Silas_Marner,11828431
210,/book/show/27222.The_Landmark_Thucydides,11828431
211,/book/show/261243.History_of_the_Peloponnesian_War,11828431
212,/book/show/678939.The_Life_Of_John_Milton,11828431
213,/book/show/4068383-milton-s-sonnets,11828431
214,/book/show/447095.Lord_Grizzly,11828431
215,/book/show/141600.Dor_s_Illustrations_for_Paradise_Lost_,11828431
216,/book/show/258124.Samson_Agonistes_and_Shorter_Poems,11828431
217,/book/show/13531366-the-complete-poetry-and-essential-prose-of-john-milton,11828431
218,/book/show/892212.Milton,11828431
219,/book/show/456388.Selected_Poems,11828431
220,/book/show/90824.Poetry_for_Young_People,11828431
221,/book/show/6115728-west-running-brook,11828431
222,/book/show/138178.A_Swinger_of_Birches,11828431
223,/book/show/12077531-collected-poems-of-robert-frost,11828431
224,/book/show/1637820.New_Hampshire,11828431
225,/book/show/2869660-mending-wall,11828431
226,/book/show/6115240-fire-and-ice,11828431
227,/book/show/138200.Poetry_for_Young_People,11828431
228,/book/show/376278.The_Robert_Frost_Reader,11828431
229,/book/show/1245021.North_of_Boston,11828431
230,/book/show/138199.Robert_Frost,11828431
231,/book/show/268426.Poems_by_Robert_Frost,11828431
232,/book/show/12207.Robert_Frost_s_Poems,11828431
233,/book/show/316943.Selected_Poems,11828431
234,/book/show/12210.Collected_Poems_Prose_and_Plays,11828431
235,/book/show/24128.The_Merchant_of_Venice,11828431
236,/book/show/124983.The_Intelligent_Universe,11828431
237,/book/show/83534.Are_We_Spiritual_Machines_,11828431
238,/book/show/83653.The_Age_of_Intelligent_Machines,11828431
239,/book/show/83533.The_Age_of_Spiritual_Machines,11828431
240,/book/show/80005.The_Discarded_Image,11828431
241,/book/show/76834.The_Inklings,11828431
242,/book/show/139855.Knowing_God,11828431
243,/book/show/121732.Surprised_by_Joy,11828431
244,/book/show/49221.A_Grief_Observed,11828431
245,/book/show/30633.The_Four_Loves,11828431
246,/book/show/672493.The_Pursuit_of_God,11828431
247,/book/show/1846.Wild_at_Heart,11828431
248,/book/show/213367.Desiring_God,11828431
249,/book/show/1923820.The_Holy_Bible,11828431
250,/book/show/11149.The_Screwtape_Letters,11828431
251,/book/show/26435.The_Problem_of_Pain,11828431
252,/book/show/29797.The_Pilgrim_s_Progress,11828431
253,/book/show/73186.The_Case_for_Christ,11828431
254,/book/show/53829.Disappointment_with_God,11828431
255,/book/show/48812.Abba_s_Child,11828431
256,/book/show/310016.Mortification_of_Sin,11828431
257,/book/show/905914.Preaching_and_Preachers,11828431
258,/book/show/549080.A_Quest_for_Godliness,11828431
259,/book/show/770478.The_Rare_Jewel_of_Christian_Contentment,11828431
260,/book/show/61102617-blk-art,11828431
261,/book/show/61111298-river-sing-me-home,11828431
262,/book/show/153425.Near_to_the_Wild_Heart,11828431
263,/book/show/36236136-the-collected-stories-of-machado-de-assis,11828431
264,/book/show/13082431-a-breath-of-life,11828431
265,/book/show/1092438.Gabriela_Clove_and_Cinnamon,11828431
266,/book/show/2183511.Epitaph_of_a_Small_Winner,11828431
267,/book/show/762390.The_Hour_of_the_Star,11828431
268,/book/show/2536.The_Year_of_the_Death_of_Ricardo_Reis,11828431
269,/book/show/95585886-black-and-female,11828431
270,/book/show/38180.On_the_Beach,11828431
271,/book/show/44179198-what-saves-us,11828431
272,/book/show/27397.A_Civil_Action,11828431
273,/book/show/8779896-the-monkey-s-paw,11828431
274,/book/show/52090.Eichmann_in_Jerusalem,11828431
275,/book/show/58711406-qanon-and-on,11828431
276,/book/show/1329726.The_Ballad_of_Reading_Gaol,11828431
277,/book/show/25779063-aquarium,11828431
278,/book/show/111050.July_s_People,11828431
279,/book/show/228296.Rosemary_s_Baby,11828431
280,/book/show/405966.Desert_Divers,11828431
281,/book/show/43212.Twentieth_Century_Russian_Poetry,11828431
282,/book/show/245740.The_Collected_Poems_1952_1990,11828431
283,/book/show/1434704.Stolen_Apples,11828431
284,/book/show/2352002.Yevgeny_Yevtushenko_Babii_Yar_and_Other_Poems_Read_in_Russian_by_the_Author_and_in_English_by_Alan_Bates,11828431
285,/book/show/3094792-yevgeny-yevtushenko,11828431
286,/book/show/399513.The_Poetry_Of_Yevgeny_Yevtushenko,11828431
287,/book/show/32191710-astrophysics-for-people-in-a-hurry,11828431
288,/book/show/43822029-darkness-at-noon,11828431
289,/book/show/677922.The_Power_and_the_Glory,11828431
290,/book/show/713014.The_Color_of_Death,11828431
291,/book/show/49771934-say-nothing,11828431
292,/book/show/596944.Cold_Calls,11828431
293,/book/show/245161.War_Music,11828431
294,/book/show/13513403-salvage-the-bones,11828431
295,/book/show/16205442-sharpe-s-christmas,11828431
296,/book/show/23352450-the-guest-cat,11828431
297,/book/show/883750.What_Really_Happened_to_the_Class_of_65,11828431
298,/book/show/108517577-yasuke,11828431
299,/book/show/54123627-yasuke-the-legend-of-the-african-samurai,11828431
300,/book/show/25135194-prisoners-of-geography,70395042
301,/book/show/3431.The_Five_People_You_Meet_in_Heaven,70395042
302,/book/show/36304279-when-all-the-days-have-gone,70395042
303,/book/show/22694049-last-one-home,70395042
304,/book/show/34499221-to-kill-a-kingdom,70395042
305,/book/show/30006111-tales-from-ma-s-watering-hole,70395042
306,/book/show/23019294-a-head-full-of-ghosts,70395042
307,/book/show/4806.Longitude,70395042
308,/book/show/18774981-waking-up,70395042
309,/book/show/11555036-i-and-thou,70395042
310,/book/show/40605629-last-night-in-montreal,70395042
311,/book/show/116341.The_Ivy_Tree,70395042
312,/book/show/32600721-the-cottingley-secret,70395042
313,/book/show/37712192-the-house-across-the-street,70395042
314,/book/show/15811127-a-good-man,70395042
315,/book/show/19072649-hotel-on-the-corner-of-bitter-and-sweet,70395042
316,/book/show/33847863-the-story-of-arthur-truluv,70395042
317,/book/show/3771586-a-real-boy,70395042
318,/book/show/24994549-the-fortnight-in-september,70395042
319,/book/show/22667803-introduction-to-metaphysics,70395042
320,/book/show/268187.Lilith,70395042
321,/book/show/36573414-on-the-brink-of-everything,70395042
322,/book/show/10842110-michael-strogoff-by-jules-verne,70395042
323,/book/show/29799.The_Way_of_a_Pilgrim_and_the_Pilgrim_Continues_His_Way,70395042
324,/book/show/35133922-educated,70395042
325,/book/show/988734.The_Sixteenth_Round,70395042
326,/book/show/19392.Voltaire_in_Love,70395042
327,/book/show/528965.The_Spider_s_Web,70395042
328,/book/show/6905012-secret-daughter,70395042
329,/book/show/38714049-the-next-person-you-meet-in-heaven,70395042
330,/book/show/18293427-the-storied-life-of-a-j-fikry,70395042
331,/book/show/3660867-for-the-love-of-willie,70395042
332,/book/show/759717.Keep_the_Home_Fries_Burning,70395042
333,/book/show/39092290-lost-horizon,70395042
334,/book/show/402128.Old_Possum_s_Book_of_Practical_Cats,70395042
335,/book/show/31579314-richard-nixon,70395042
336,/book/show/77592.And_Be_a_Villain,70395042
337,/book/show/191139.Oh_the_Places_You_ll_Go_,70395042
338,/book/show/13364211-will-sparrow-s-road,70395042
339,/book/show/56636.Traveling_Light,70395042
340,/book/show/20885522-from-the-fifteenth-district,70395042
341,/book/show/55180412-o-canada,70395042
342,/book/show/39693820-born-to-be-posthumous,70395042
343,/book/show/54038.Samuel_Beckett,70395042
344,/book/show/39204079-stet,70395042
345,/book/show/58501074-magic-glasses,70395042
346,/book/show/53888680-rogue-flag,70395042
347,/book/show/1459556.Five_Miles_From_Outer_Hope,70395042
348,/book/show/32603519-h-a-ppy,70395042
349,/book/show/37806724-the-man-that-corrupted-hadleyburg-illustrated,70395042
350,/book/show/1936724.A_Shinagawa_Monkey,70395042
351,/book/show/13599929-on-impact,70395042
352,/book/show/57021013-a-dinner-of-herbs,70395042
353,/book/show/149267.The_Stand,70395042
354,/book/show/51020438-that-feeling-you-can-only-say-what-it-is-in-french,70395042
355,/book/show/2368.Mornings_on_Horseback,70395042
356,/book/show/23602586-pope-francis-and-the-new-vatican,70395042
357,/book/show/38120338-poems-songs-and-letters,70395042
358,/book/show/17465512-a-long-way-from-verona,70395042
359,/book/show/1519.The_Oresteia,70395042
360,/book/show/9495509-the-end-and-the-beginning,70395042
361,/book/show/309627.Encounters_and_Dialogues_with_Martin_Heidegger_1929_1976,70395042
362,/book/show/35238713-lies-that-comfort-and-betray,70395042
363,/book/show/29807927-the-book-of-confidence,70395042
364,/book/show/17341.The_Collected_Letters_of_C_S_Lewis_Volume_3,70395042
365,/book/show/21310727-the-letters-of-t-s-eliot-volume-3,70395042
366,/book/show/4652405-the-excursion-1814,70395042
367,/book/show/13501245-the-life-of-rebecca-jones,70395042
368,/book/show/15785236-silver-linings,70395042
369,/book/show/6609596-the-fast-and-the-furriest,70395042
370,/book/show/32768516-dear-fahrenheit-451,70395042
371,/book/show/20928288-your-favorite-crab-cakes,70395042
372,/book/show/33972789-snow-rose,70395042
373,/book/show/3077.The_Enchanted_April,70395042
374,/book/show/11456201-the-sky-is-not-falling,70395042
375,/book/show/38224843-the-upside-down-kingdom,70395042
376,/book/show/33953749-who-cares-what-people-think-anyway,70395042
377,/book/show/8236137-rameau-s-nephew,70395042
378,/book/show/40055298-a-family-recipe,70395042
379,/book/show/37652654-wild,70395042
380,/book/show/788091.The_Valley_of_Vision,70395042
381,/book/show/56921032-enemy-at-the-gates,70395042
382,/book/show/56622112-beautiful-world-where-are-you,70395042
383,/book/show/18730323-empty-mansions,70395042
384,/book/show/42040555-political-tribes,70395042
385,/book/show/52192042-mirror,70395042
386,/book/show/5446537-glenn-gould,70395042
387,/book/show/18077923-most-intimate,70395042
388,/book/show/1024896.The_Forever_Machine,70395042
389,/book/show/59047132-child-unwanted,70395042
390,/book/show/30078567-the-collapsing-empire,70395042
391,/book/show/88350.The_Lady_Who_Liked_Clean_Restrooms,70395042
392,/book/show/35053149-man-s-eternal-quest,70395042
393,/book/show/29285197-the-boys-upstairs,70395042
394,/book/show/11299573-the-man-without-a-country,70395042
395,/book/show/59017795-the-flying-dutchman,70395042
396,/book/show/57405598-your-guide-to-not-getting-murdered-in-a-quaint-english-village,70395042
397,/book/show/8115123-the-queen-of-air-and-darkness,70395042
398,/book/show/44033409-agent-running-in-the-field,70395042
399,/book/show/31828678-last-testament,70395042
400,/book/show/52873094-mexican-gothic,58160628
401,/book/show/48829708-to-sleep-in-a-sea-of-stars,58160628
402,/book/show/43658908-the-starless-sea,58160628
403,/book/show/53205854-fugitive-telemetry,58160628
404,/book/show/35519109-exit-strategy,58160628
405,/book/show/52265515-the-girl-from-widow-hills,58160628
406,/book/show/40815366-how-to-be-an-antiracist,58160628
407,/book/show/10372351-before-i-go-to-sleep,58160628
408,/book/show/40864002-a-psalm-for-the-wild-built,58160628
409,/book/show/25383011-the-thorn-of-emberlain,58160628
410,/book/show/42854191-the-chain,58160628
411,/book/show/44581558-sisters-of-the-vast-black,58160628
412,/book/show/46206720-a-pale-light-in-the-black,58160628
413,/book/show/54493401-project-hail-mary,58160628
414,/book/show/51029834-the-invisible-life-of-addie-larue,58160628
415,/book/show/48894288-to-sleep-in-a-sea-of-stars,58160628
416,/book/show/50892433-one-by-one,58160628
417,/book/show/43822024-the-toll,58160628
418,/book/show/53293134-a-history-of-what-comes-next,58160628
419,/book/show/43517459-the-ten-thousand-doors-of-january,58160628
420,/book/show/33376821-sweet-bean-paste,58160628
421,/book/show/50743767-between-two-kingdoms,58160628
422,/book/show/6237768-last-argument-of-kings,58160628
423,/book/show/59364173-i-m-glad-my-mom-died,58160628
424,/book/show/4912857-the-angel-s-game,58160628
425,/book/show/38787.Pedro_P_ramo,58160628
426,/book/show/25430565-golden-son,58160628
427,/book/show/60916174-the-kind-worth-saving,58160628
428,/book/show/40916679-a-good-girl-s-guide-to-murder,58160628
429,/book/show/59316367-look-closer,58160628
430,/book/show/57693406-the-kaiju-preservation-society,58160628
431,/book/show/41637112-a-half-built-garden,58160628
432,/book/show/31213272-the-hole,58160628
433,/book/show/60462183-carrie-soto-is-back,58160628
434,/book/show/60531406-tress-of-the-emerald-sea,58160628
435,/book/show/60502647-wrong-place-wrong-time,58160628
436,/book/show/25242184-the-slow-regard-of-silent-things,58160628
437,/book/show/58907540-atlas-of-the-heart,58160628
438,/book/show/51190882-the-empress-of-salt-and-fortune,58160628
439,/book/show/38799469-bad-blood,58160628
440,/book/show/21569527-the-heart-of-betrayal,58160628
441,/book/show/30078567-the-collapsing-empire,58160628
442,/book/show/1232.The_Shadow_of_the_Wind,58160628
443,/book/show/25816688-the-fireman,58160628
444,/book/show/13539191-three-parts-dead,58160628
445,/book/show/92121.Nine_Princes_in_Amber,58160628
446,/book/show/20647547-promise-of-blood,58160628
447,/book/show/25818259-the-nest,58160628
448,/book/show/8263282-the-end-of-eternity,58160628
449,/book/show/156785.Diaspora,58160628
450,/book/show/104101.The_Lions_of_Al_Rassan,58160628
451,/book/show/13641105-parasite,58160628
452,/book/show/22826126-seveneves,58160628
453,/book/show/17333324-ancillary-justice,58160628
454,/book/show/23019294-a-head-full-of-ghosts,58160628
455,/book/show/11547291-attachments,58160628
456,/book/show/4685971-the-painted-man,58160628
457,/book/show/9533361-leviathan-wakes,58160628
458,/book/show/31538647-hogwarts,58160628
459,/book/show/31538614-short-stories-from-hogwarts-of-power-politics-and-pesky-poltergeists,58160628
460,/book/show/18798983-the-wrath-and-the-dawn,58160628
461,/book/show/16096824-a-court-of-thorns-and-roses,58160628
462,/book/show/25187640-truthwitch,58160628
463,/book/show/26252859-the-hidden-oracle,58160628
464,/book/show/6460221-sharp-objects,58160628
465,/book/show/26074170-this-savage-song,58160628
466,/book/show/27774758-an-ember-in-the-ashes,58160628
467,/book/show/18248381-the-way-of-kings,58160628
468,/book/show/25494343-lady-midnight,58160628
469,/book/show/7171637-clockwork-angel,58160628
470,/book/show/21032488-the-doors-of-stone,58160628
471,/book/show/11510533-the-wise-man-s-fear,58160628
472,/book/show/6266872-the-name-of-the-wind,58160628
473,/book/show/21969786-more-than-this,58160628
474,/book/show/8621462-a-monster-calls,58160628
475,/book/show/16131107-the-black-prism,58160628
476,/book/show/22238158-vicious,58160628
477,/book/show/29939230-a-conjuring-of-light,58160628
478,/book/show/20764879-a-gathering-of-shadows,58160628
479,/book/show/22055262-a-darker-shade-of-magic,58160628
480,/book/show/4408.East_of_Eden,58160628
481,/book/show/5198367-the-night-s-dawn-trilogy,58160628
482,/book/show/788331.He_She_and_It,58160628
483,/book/show/5880.The_Sparrow,58160628
484,/book/show/12282943-shards-of-honour,58160628
485,/book/show/1971304.City_of_Thieves,58160628
486,/book/show/10763974-heart-shaped-box,58160628
487,/book/show/30971755-a-crack-in-creation,58160628
488,/book/show/5552.QED,58160628
489,/book/show/15818461-prey,58160628
490,/book/show/22435.The_Fabric_of_the_Cosmos,58160628
491,/book/show/30753708-the-cutaway,58160628
492,/book/show/32920306-unraveling-oliver,58160628
493,/book/show/29445758-i-m-thinking-of-ending-things,58160628
494,/book/show/91981.The_Dragonbone_Chair,58160628
495,/book/show/29570143-new-york-2140,58160628
496,/book/show/12541330-touch-of-power,58160628
497,/book/show/43908.Shadow_of_a_Dark_Queen,58160628
498,/book/show/589979.Daughter_of_the_Empire,58160628
499,/book/show/6328423-resurrection,58160628
500,/book/show/23692271-sapiens,51664350
501,/book/show/84849.Dark_Horse,51664350
502,/book/show/84844.Guilty_as_Sin,51664350
503,/book/show/84846.Night_Sins,51664350
504,/book/show/34858374-the-insider,51664350
505,/book/show/71365.Inkheart,51664350
506,/book/show/8664353-unbroken,51664350
507,/book/show/9299387-the-dinosaur-hunter,51664350
508,/book/show/18143758-the-lie,51664350
509,/book/show/34316093-star-trek,51664350
510,/book/show/31423445-the-burial-hour,51664350
511,/book/show/13595638-shelter,51664350
512,/book/show/18879687-hidden-and-imminent-dangers,51664350
513,/book/show/21608.The_Accidental_Time_Machine,51664350
514,/book/show/18170143-an-astronaut-s-guide-to-life-on-earth,51664350
515,/book/show/13573236-the-racketeer,51664350
516,/book/show/49099.When_Darkness_Falls,51664350
517,/book/show/299480.Beyond_Suspicion,51664350
518,/book/show/78971.False_Impression,51664350
519,/book/show/387310.Barking_Dogs,51664350
520,/book/show/22474051-an-old-captivity,51664350
521,/book/show/35323055-force-of-nature,51664350
522,/book/show/18353714-the-target,51664350
523,/book/show/25977938-the-horn-of-time,51664350
524,/book/show/36341728-lost-in-math,51664350
525,/book/show/32530.The_Third_Victim,51664350
526,/book/show/43900106-woman-on-the-edge,51664350
527,/book/show/1777413.Vancouver,51664350
528,/book/show/58341105-lonely-planet-s-guide-to-train-travel-in-europe,51664350
529,/book/show/11446013-palace-walk,51664350
530,/book/show/217903.Reunion,51664350
531,/book/show/40130093-once-upon-a-river,51664350
532,/book/show/4008547-fast-stirbt-er,51664350
533,/book/show/22306279-obstruction-of-justice,51664350
534,/book/show/57676952-girl-in-ice,51664350
535,/book/show/15791154-the-hit,51664350
536,/book/show/23215472-blindsighted,51664350
537,/book/show/3832.Cover_Her_Face,51664350
538,/book/show/51372790-the-dogs-of-winter,51664350
539,/book/show/57693519-the-last-house-on-the-street,51664350
540,/book/show/402683.Mistletoe_Man,51664350
541,/book/show/2379228.Nahanni_Trailhead,51664350
542,/book/show/190283.Why_We_Act_Like_Canadians,51664350
543,/book/show/13134.You_ve_Been_Warned,51664350
544,/book/show/49350.The_Concrete_Blonde,51664350
545,/book/show/246840.Antarctic_Navigation,51664350
546,/book/show/1077003.Carols_for_Choirs_1,51664350
547,/book/show/7671673-jumbo-sudoku-pocket,51664350
548,/book/show/883283.Black_Belt_Sudoku_,51664350
549,/book/show/713032.Watery_Grave,51664350
550,/book/show/264945.The_Terminal_Experiment,51664350
551,/book/show/116445.Dies_the_Fire,51664350
552,/book/show/392566.The_Space_Merchants,51664350
553,/book/show/1018772.Work_Less_Make_More,51664350
554,/book/show/267310.Return_to_Mars,51664350
555,/book/show/779522.Rumpole_of_the_Bailey,51664350
556,/book/show/127221.Therapy,51664350
557,/book/show/24983.Doomsday_Book,51664350
558,/book/show/6425.Hard_Eight,51664350
559,/book/show/2427.Undue_Influence,51664350
560,/book/show/29364598-the-secret-adversary,51664350
561,/book/show/21901865-ordeal-by-innocence,51664350
562,/book/show/3002788-the-murder-on-the-links,51664350
563,/book/show/13415779-remembered-death,51664350
564,/book/show/16424.Peril_at_End_House,51664350
565,/book/show/651161.Curtain,51664350
566,/book/show/693208.The_Absolutely_True_Diary_of_a_Part_Time_Indian,51664350
567,/book/show/909860.The_Labours_of_Hercules,51664350
568,/book/show/44024803-nemesis,51664350
569,/book/show/83458.By_the_Pricking_of_My_Thumbs,51664350
570,/book/show/40948385-too-close-to-home,51664350
571,/book/show/546018.Roots,51664350
572,/book/show/50612801-live-in-the-moment,51664350
573,/book/show/1115355.The_Adventure_Of_The_Christmas_Pudding_And_A_Selection_Of_Entr_es,51664350
574,/book/show/33967105-cards-on-the-table,51664350
575,/book/show/2282592.Hallowe_en_Party,51664350
576,/book/show/2271733.After_The_Funeral,51664350
577,/book/show/3268504-murder-at-hazelmoor,51664350
578,/book/show/15851485-elephants-can-remember,51664350
579,/book/show/16426.Poirot_s_early_cases,51664350
580,/book/show/85418.Just_One_Look,51664350
581,/book/show/104078.Ysabel,51664350
582,/book/show/8319339-the-mullah-s-storm,51664350
583,/book/show/190999.Way_Station,51664350
584,/book/show/41693.Skeleton_Coast,51664350
585,/book/show/84736.Mary_Mary,51664350
586,/book/show/184794.The_Face_of_Death,51664350
587,/book/show/4847282-the-sudoku-addict-s-workbook,51664350
588,/book/show/95382.The_Pale_Horse,51664350
589,/book/show/91477.Fool_Moon,51664350
590,/book/show/3176846-fresh-kills,51664350
591,/book/show/149621.Ice_Station_Zebra,51664350
592,/book/show/32502.Angels_Flight,51664350
593,/book/show/2822557-forgotten-planet,51664350
594,/book/show/14866.Nineteen_Minutes,51664350
595,/book/show/703870.Goblin_Hero,51664350
596,/book/show/2099300.Jumbo_Sudoku_Challenge,51664350
597,/book/show/939709.Rogue_Moon,51664350
598,/book/show/41865.Twilight,51664350
599,/book/show/1130286.Gridlock,51664350
600,/book/show/54508798-the-guncle,21937982
601,/book/show/57933316-the-roughest-draft,21937982
602,/book/show/54189398-the-spanish-love-deception,21937982
603,/book/show/41580931-an-arrow-to-the-moon,21937982
604,/book/show/22597361-la-vall-e-des-dinosaures,21937982
605,/book/show/55598713-love-chai-and-other-four-letter-words,21937982
606,/book/show/56637919-a-holly-jolly-diwali,21937982
607,/book/show/56355853-walking-in-two-worlds,21937982
608,/book/show/57390505-blame-it-on-the-mistletoe,21937982
609,/book/show/56732451-so-this-is-christmas,21937982
610,/book/show/56732449-the-love-hypothesis,21937982
611,/book/show/58101267-nick-and-noel-s-christmas-playlist,21937982
612,/book/show/55307983-the-holiday-switch,21937982
613,/book/show/56980243-tiny-dancer,21937982
614,/book/show/50882647-when-we-were-them,21937982
615,/book/show/56269153-bright-ruined-things,21937982
616,/book/show/55711612-eight-perfect-hours,21937982
617,/book/show/54238730-the-holiday-swap,21937982
618,/book/show/38326343-harley-in-the-sky,21937982
619,/book/show/55918521-midnight-in-everwood,21937982
620,/book/show/60784567-the-renaissance-of-gwen-hathaway,21937982
621,/book/show/60840488-the-wrong-kind-of-weird,21937982
622,/book/show/61031135-the-love-match,21937982
623,/book/show/60017811-city-of-nightmares,21937982
624,/book/show/60784626-a-guide-to-being-just-friends,21937982
625,/book/show/60784313-not-that-kind-of-ever-after,21937982
626,/book/show/61156498-lunar-love,21937982
627,/book/show/61918479-yours-truly,21937982
628,/book/show/51939798-spice-road,21937982
629,/book/show/59683739-fake-dates-and-mooncakes,21937982
630,/book/show/62926938-the-seven-year-slip,21937982
631,/book/show/61290409-stars-and-smoke,21937982
632,/book/show/60590948-threads-that-bind,21937982
633,/book/show/61797464-meet-me-at-the-lake,21937982
634,/book/show/61326735-love-theoretically,21937982
635,/book/show/59947670-rust-in-the-root,21937982
636,/book/show/60740339-children-of-ragnarok,21937982
637,/book/show/56226859-night-of-the-raven-dawn-of-the-dove,21937982
638,/book/show/59440716-strike-the-zither,21937982
639,/book/show/60461898-heart-of-the-sun-warrior,21937982
640,/book/show/34227665-the-steep-and-thorny-way,21937982
641,/book/show/18304322-dumplin,21937982
642,/book/show/26074181-the-crown,21937982
643,/book/show/25785649-the-way-i-used-to-be,21937982
644,/book/show/25817407-the-siren,21937982
645,/book/show/25614492-salt-to-the-sea,21937982
646,/book/show/32768522-carry-on,21937982
647,/book/show/21979832-the-girl-from-everywhere,21937982
648,/book/show/25818163-worlds-of-ink-and-shadow,21937982
649,/book/show/22056895-the-forbidden-orchid,21937982
650,/book/show/23215466-peter-pan,21937982
651,/book/show/16101078-the-wizard-of-oz,21937982
652,/book/show/15812834-matilda,21937982
653,/book/show/20893528-little-women,21937982
654,/book/show/9923756-charlie-and-the-chocolate-factory,21937982
655,/book/show/1045145.The_Lion_the_Witch_and_the_Wardrobe,21937982
656,/book/show/25327818-night-owls,21937982
657,/book/show/753001.Daisy_Miller,21937982
658,/book/show/343196.The_Awakening,21937982
659,/book/show/10683406-the-art-of-fiction,21937982
660,/book/show/54659771-neon-gods,21937982
661,/book/show/45874065-a-good-girl-s-guide-to-murder,21937982
662,/book/show/58437816-turning,21937982
663,/book/show/44582454-regretting-you,21937982
664,/book/show/58341222-reminders-of-him,21937982
665,/book/show/25111004-november-9,21937982
666,/book/show/27362503-it-ends-with-us,21937982
667,/book/show/58265135-the-unsinkable-greta-james,21937982
668,/book/show/55404546-malibu-rising,21937982
669,/book/show/52057698-how-to-fail-at-flirting,21937982
670,/book/show/58214336-i-m-so-not-over-you,21937982
671,/book/show/55411076-the-layover,21937982
672,/book/show/60376725-from-the-jump,21937982
673,/book/show/58024770-by-any-other-name,21937982
674,/book/show/58395057-sadie-on-a-plate,21937982
675,/book/show/58724801-the-bodyguard,21937982
676,/book/show/58438583-one-italian-summer,21937982
677,/book/show/59364139-meant-to-be-mine,21937982
678,/book/show/59345243-chef-s-kiss,21937982
679,/book/show/59345253-something-wilder,21937982
680,/book/show/42201431-the-unhoneymooners,21937982
681,/book/show/34466910-roomies,21937982
682,/book/show/36300625-99-percent-mine,21937982
683,/book/show/40864907-the-kingdom,21937982
684,/book/show/25883848-the-hating-game,21937982
685,/book/show/41555964-dark-shores,21937982
686,/book/show/43744300-american-royals,21937982
687,/book/show/36484081-these-witches-don-t-burn,21937982
688,/book/show/36220348-this-time-will-be-different,21937982
689,/book/show/41123165-screen-queens,21937982
690,/book/show/39847584-frankly-in-love,21937982
691,/book/show/43152985-as-many-nows-as-i-can-get,21937982
692,/book/show/37538577-a-river-of-royal-blood,21937982
693,/book/show/40148146-love-from-a-to-z,21937982
694,/book/show/43220998-the-fountains-of-silence,21937982
695,/book/show/43568394-the-guinevere-deception,21937982
696,/book/show/38714357-a-curse-so-dark-and-lonely,21937982
697,/book/show/40597810-daisy-jones-the-six,21937982
698,/book/show/40220881-a-dress-for-the-wicked,21937982
699,/book/show/36596442-hello-girls,21937982
700,/book/show/708481.Babi_Yar,41918078
701,/book/show/2015307.Daughter_of_York,41918078
702,/book/show/21062.A_Rose_for_the_Crown,41918078
703,/book/show/9970166-alone-in-the-classroom,41918078
704,/book/show/43448.Flowers_in_the_Attic,41918078
705,/book/show/226709.Petals_on_the_Wind,41918078
706,/book/show/226706.If_There_Be_Thorns,41918078
707,/book/show/12326644-the-kingmaker-s-daughter,41918078
708,/book/show/16188.Wideacre,41918078
709,/book/show/49824.The_Mammoth_Hunters,41918078
710,/book/show/74389.The_Plains_of_Passage,41918078
711,/book/show/77142.Snow_Falling_on_Cedars,41918078
712,/book/show/38311414-house-of-sand-and-fog,41918078
713,/book/show/8728017-queen-by-right,41918078
714,/book/show/4788697-the-king-s-grace,41918078
715,/book/show/23190986-edge-of-eternity,41918078
716,/book/show/24483265-silent-scream,41918078
717,/book/show/823411.Three_Day_Road,41918078
718,/book/show/32455442-a-magical-ukrainian-christmas,41918078
719,/book/show/863910.A_Seed_Is_Sleepy,41918078
720,/book/show/559887.Dark_Tide,41918078
721,/book/show/1602064.The_Giftionary,41918078
722,/book/show/207461.The_Prince_of_the_Pond,41918078
723,/book/show/1306104.Knights_of_the_Kitchen_Table,41918078
724,/book/show/5902250-grandfather-twilight,41918078
725,/book/show/37941687-the-butchering-art,41918078
726,/book/show/61289141-hester,41918078
727,/book/show/59475665-the-apostle-s-sister,41918078
728,/book/show/59608950-the-teacher-of-warsaw,41918078
729,/book/show/40407141-what-the-wind-knows,41918078
730,/book/show/53914938-the-rose-code,41918078
731,/book/show/28947264-vengeance-road,41918078
732,/book/show/58446227-sea-of-tranquility,41918078
733,/book/show/60581739-the-memory-keeper-of-kyiv,41918078
734,/book/show/61739191-haven,41918078
735,/book/show/58438558-bluebird,41918078
736,/book/show/18158202-the-testament-of-mary,41918078
737,/book/show/57007407-the-dressmakers-of-auschwitz,41918078
738,/book/show/57669599-desert-flower,41918078
739,/book/show/1182963.A_Little_Princess,41918078
740,/book/show/11311191-between-shades-of-gray,41918078
741,/book/show/35177876-the-rabbit-the-bear-and-the-zinniga-zanniga-tree,41918078
742,/book/show/54303987-the-drowning-kind,41918078
743,/book/show/40651157-spinning-silver,41918078
744,/book/show/28007842-by-gaslight,41918078
745,/book/show/56981413-out-of-my-heart,41918078
746,/book/show/41860708-the-woman-in-the-white-kimono,41918078
747,/book/show/57404905-the-island-of-missing-trees,41918078
748,/book/show/29583934-memoirs-of-a-parrot,41918078
749,/book/show/48823706-memoirs-of-a-tortoise,41918078
750,/book/show/2174775.The_Woman_He_Loved,41918078
751,/book/show/33154778-a-hundred-billion-trillion-stars,41918078
752,/book/show/54501829-goldilocks-and-the-three-engineers,41918078
753,/book/show/3472480-the-glassblower-of-murano,41918078
754,/book/show/56969561-the-mad-women-s-ball,41918078
755,/book/show/28214876-commonwealth,41918078
756,/book/show/56549196-medicine-in-the-middle-ages,41918078
757,/book/show/54492935-the-school-of-mirrors,41918078
758,/book/show/33984056-a-stranger-in-the-house,41918078
759,/book/show/34525571-the-orphan-keeper,41918078
760,/book/show/45167776-love-from-the-crayons,41918078
761,/book/show/44672346-the-crayons-christmas,41918078
762,/book/show/45004483-the-boy,41918078
763,/book/show/18505832-natchez-burning,41918078
764,/book/show/42260619-finding-katarina-m,41918078
765,/book/show/165446.Ride_the_Wind,41918078
766,/book/show/3002254-that-book-woman,41918078
767,/book/show/7763.The_Joy_Luck_Club,41918078
768,/book/show/12555.The_Bonesetter_s_Daughter,41918078
769,/book/show/36107343-the-popish-midwife,41918078
770,/book/show/16084954-the-historian,41918078
771,/book/show/50388122-little-secrets,41918078
772,/book/show/36430011-you,41918078
773,/book/show/39904261-the-woman-in-our-house,41918078
774,/book/show/35847912-colombiano,41918078
775,/book/show/1464461.Final_Harvest_,41918078
776,/book/show/1027888.Indian_School_Days,41918078
777,/book/show/1094612.Ten_Lost_Years_1929_1939,41918078
778,/book/show/6774946-tales-of-edgar-allan-poe,41918078
779,/book/show/48807967-finding-chika,41918078
780,/book/show/37325214-kohkum-s-babushka,41918078
781,/book/show/56897484-the-chancellor,41918078
782,/book/show/28867.The_Princes_of_Ireland,41918078
783,/book/show/15451196-helter-skelter,41918078
784,/book/show/54287745-the-girl-in-the-painting,41918078
785,/book/show/58145777-returning-to-carthage,41918078
786,/book/show/58936392-the-wedding-dress-sewing-circle,41918078
787,/book/show/59656258-the-book-woman-s-daughter,41918078
788,/book/show/24611708-the-hours-count,41918078
789,/book/show/58920621-scarlet-carnation,41918078
790,/book/show/18453874-mrs-sinclair-s-suitcase,41918078
791,/book/show/1080347.Papa_s_Wife,41918078
792,/book/show/432283.If_Life_Is_a_Bowl_of_Cherries_What_Am_I_Doing_in_the_Pits_,41918078
793,/book/show/54502238-watercress,41918078
794,/book/show/57319501-birds-on-wishbone-street,41918078
795,/book/show/43274915-the-lost-girls-of-paris,41918078
796,/book/show/59235597-moonlight-and-the-pearler-s-daughter,41918078
797,/book/show/60477184-the-ghosts-of-thorwald-place,41918078
798,/book/show/22571790-live-right-and-find-happiness-although-beer-is-much-faster,41918078
799,/book/show/216410.Hansel_and_Gretel,41918078
800,/book/show/59240309-lies-of-the-fae,84801697
801,/book/show/55748579-the-noose-of-a-new-moon,84801697
802,/book/show/61644507-a-killer-s-kiss,84801697
803,/book/show/59468356-dark-whispers,84801697
804,/book/show/56951153-scorched-heart,84801697
805,/book/show/55437139-midnight-smoke,84801697
806,/book/show/55048462-infernal-enchantment,84801697
807,/book/show/83813595-a-promise-of-peridot,84801697
808,/book/show/60597877-a-throne-of-shadows,84801697
809,/book/show/62098447-a-shadow-crown,84801697
810,/book/show/60354430-ashen-son,84801697
811,/book/show/64646644-fall-of-ruin-and-wrath,84801697
812,/book/show/63105101-the-ruined-maiden,84801697
813,/book/show/59122382-obsession,84801697
814,/book/show/75605579-how-to-defy-a-vampire,84801697
815,/book/show/75566381-fool-me-once,84801697
816,/book/show/89575937-songs-of-vice,84801697
817,/book/show/60556896-liars-and-light,84801697
818,/book/show/57894956-insurrection,84801697
819,/book/show/58895207-dreams-of-ice-and-iron,84801697
820,/book/show/16282824-magic-of-thieves,84801697
821,/book/show/30031040-hidden-blade,84801697
822,/book/show/35702241-the-shadows-between-us,84801697
823,/book/show/34556994-trickery,84801697
824,/book/show/27190613-and-i-darken,84801697
825,/book/show/42893340-the-kinder-poison,84801697
826,/book/show/41437147-a-kingdom-of-nomads,84801697
827,/book/show/42042471-dark-harmony,84801697
828,/book/show/32871581-a-strange-hymn,84801697
829,/book/show/33784346-the-last-wish,84801697
830,/book/show/49551405-the-bridge-kingdom,84801697
831,/book/show/40081061-power-of-five,84801697
832,/book/show/45046766-night-spinner,84801697
833,/book/show/44778083-house-of-earth-and-blood,84801697
834,/book/show/8495623-warlord,84801697
835,/book/show/78071.Warsworn,84801697
836,/book/show/25776221-rebel-of-the-sands,84801697
837,/book/show/15839976-red-rising,84801697
838,/book/show/27064385-ivory-and-bone,84801697
839,/book/show/30075662-aurora-rising,84801697
840,/book/show/34859192-heart-of-malice,84801697
841,/book/show/32718027-the-city-of-brass,84801697
842,/book/show/56179159-the-princess-of-nothing,84801697
843,/book/show/33026517-untitled,84801697
844,/book/show/31050358-untitled,84801697
845,/book/show/31050652-untitled-novella,84801697
846,/book/show/54860493-sky-breaker,84801697
847,/book/show/56796725-call-of-the-storm-sorcerer,84801697
848,/book/show/53902073-the-song-of-the-marked,84801697
849,/book/show/56755677-bound-by-firelight,84801697
850,/book/show/27411076-lucifer-s-daughter,84801697
851,/book/show/33653421-beneath-the-silver-rose,84801697
852,/book/show/52617662-children-of-fallen-gods,84801697
853,/book/show/58437763-in-deeper-waters,84801697
854,/book/show/31327084-red-queen,84801697
855,/book/show/29515347-the-throne-of-glass-colouring-book,84801697
856,/book/show/31450846-a-court-of-thorns-and-roses-coloring-book,84801697
857,/book/show/55920924-the-faceless-mage,84801697
858,/book/show/52464040-fated-magic,84801697
859,/book/show/50508538-the-flame-and-the-blade,84801697
860,/book/show/18006134-taste-of-darkness,84801697
861,/book/show/12027429-scent-of-magic,84801697
862,/book/show/10445208-touch-of-power,84801697
863,/book/show/17622928-spy-glass,84801697
864,/book/show/17348288-sea-glass,84801697
865,/book/show/17251429-storm-glass,84801697
866,/book/show/15808697-deadlocked,84801697
867,/book/show/8370344-une-mort-certaine,84801697
868,/book/show/7755407-bel-et-bien-mort,84801697
869,/book/show/6705998-pire-que-la-mort,84801697
870,/book/show/6706000-la-conspiration,84801697
871,/book/show/6705996-la-reine-des-vampires,84801697
872,/book/show/6705995-la-morsure-de-la-panth-re,84801697
873,/book/show/110494.Living_Dead_in_Dallas,84801697
874,/book/show/6705988-quand-le-danger-r-de,84801697
875,/book/show/6705977-mortel-corps-corps,84801697
876,/book/show/6705994-les-sorci-res-de-shreveport,84801697
877,/book/show/38485496-mark-of-the-raven,84801697
878,/book/show/40803509-the-palace-of-lost-memories,84801697
879,/book/show/39803424-evermore,84801697
880,/book/show/49459768-the-city-of-bones,84801697
881,/book/show/50022430-cirenworth-hall-devonshire,84801697
882,/book/show/52222117-days-past,84801697
883,/book/show/46129928-days-past,84801697
884,/book/show/45428956-the-devil-tavern,84801697
885,/book/show/35297403-the-red-scrolls-of-magic,84801697
886,/book/show/49858150-chosen,84801697
887,/book/show/46159364-goblin-king,84801697
888,/book/show/40224069-white-stag,84801697
889,/book/show/53919827-court-of-bitter-thorn,84801697
890,/book/show/50771887-fae-prophecy,84801697
891,/book/show/55209907-the-cup-and-the-prince,84801697
892,/book/show/43263361-crown-of-bones,84801697
893,/book/show/50706646-the-bone-shard-daughter,84801697
894,/book/show/53622272-soul-of-the-crow,84801697
895,/book/show/55098873-the-fate-of-crowns,84801697
896,/book/show/35672388-moonburner,84801697
897,/book/show/33295067-frida-c-est-moi,84801697
898,/book/show/55108844-les-enfants-colorier,84801697
899,/book/show/50934806-reign,84801697
900,/book/show/6522978-the-lovely-bones,5009669
901,/book/show/948584.Hana_s_Suitcase,5009669
902,/book/show/6900.Tuesdays_with_Morrie,5009669
903,/book/show/10148630-tide-road,5009669
904,/book/show/12957161-desperately-seeking,5009669
905,/book/show/7048800-the-particular-sadness-of-lemon-cake,5009669
906,/book/show/7713615-heart-of-lies,5009669
907,/book/show/60792.The_Accidental_Tourist,5009669
908,/book/show/49436.Three_Cups_of_Tea,5009669
909,/book/show/6969.Emma,5009669
910,/book/show/28095737-pride-and-prejudice,5009669
911,/book/show/12873.Rebecca,5009669
912,/book/show/2029177.Sundays_at_Tiffany_s,5009669
913,/book/show/1470232.Magic_Hour,5009669
914,/book/show/42156.Something_Borrowed,5009669
915,/book/show/8200557-the-invisible-bridge,5009669
916,/book/show/9494849-the-awakening,5009669
917,/book/show/8125925-look-again,5009669
918,/book/show/8766740-the-secret-lives-of-dresses,5009669
919,/book/show/9571617-the-immortal-life-of-henrietta-lacks,5009669
920,/book/show/16071736-the-engagements,5009669
921,/book/show/11521304-the-first-last-kiss,5009669
922,/book/show/18163741-the-massey-murder,5009669
923,/book/show/17056119-the-hiding-place,5009669
924,/book/show/1441914.Frances,5009669
925,/book/show/6606456-the-scent-of-rain-and-lightning,5009669
926,/book/show/13059477-overseas,5009669
927,/book/show/16158535-a-hundred-summers,5009669
928,/book/show/2485785.The_Secret_Life_of_CeeCee_Wilkes,5009669
929,/book/show/11505797-beautiful-disaster,5009669
930,/book/show/7935194-the-secret-life-of-bees,5009669
931,/book/show/3751593-the-season,5009669
932,/book/show/10516163-the-legacy,5009669
933,/book/show/13525937-the-ice-cream-girls,5009669
934,/book/show/2815590-serena,5009669
935,/book/show/256683.City_of_Bones,5009669
936,/book/show/6261961-labor-day,5009669
937,/book/show/13543138-blackberry-winter,5009669
938,/book/show/15718461-inheritance-rising,5009669
939,/book/show/14165516-the-marriage-trap,5009669
940,/book/show/61251242-the-house-in-the-pines,5009669
941,/book/show/58688899-the-gin-sisters-promise,5009669
942,/book/show/58784776-every-summer-after,5009669
943,/book/show/58510725-the-mayfair-bookshop,5009669
944,/book/show/57468130-twilight-at-moorington-cross,5009669
945,/book/show/58314957-the-tumbling-turner-sisters,5009669
946,/book/show/60455605-what-happened-to-the-bennetts,5009669
947,/book/show/59486203-william-at-40,5009669
948,/book/show/58041378-the-golden-couple,5009669
949,/book/show/59841388-small-things-like-these,5009669
950,/book/show/59430455-other-people-s-lives,5009669
951,/book/show/58844865-the-kew-gardens-girls-at-war,5009669
952,/book/show/58392927-things-past-telling,5009669
953,/book/show/60497502-my-evil-mother,5009669
954,/book/show/60242158-the-book-share,5009669
955,/book/show/59377301-in-search-of-april-raintree,5009669
956,/book/show/60490633-the-puppeteer-s-daughters,5009669
957,/book/show/58672976-notes-on-your-sudden-disappearance,5009669
958,/book/show/60629639-magpie,5009669
959,/book/show/60117069-the-vanished-days,5009669
960,/book/show/60705689-galatea,5009669
961,/book/show/60415700-now-is-not-the-time-to-panic,5009669
962,/book/show/62051070-gilded-girl,5009669
963,/book/show/60613238-something-from-tiffany-s,5009669
964,/book/show/61032435-you-shouldn-t-have-come-here,5009669
965,/book/show/61054804-the-cloisters,5009669
966,/book/show/55338975-the-godmothers,5009669
967,/book/show/75678810-josh-and-gemma-the-second-time-around,5009669
968,/book/show/62683002-the-writing-retreat,5009669
969,/book/show/63204406-a-royal-christmas,5009669
970,/book/show/61267723-if-i-let-you-go,5009669
971,/book/show/62970761-the-christmas-letters,5009669
972,/book/show/61683285-homecoming,5009669
973,/book/show/61404124-the-note,5009669
974,/book/show/60784759-beyond-that-the-sea,5009669
975,/book/show/61948946-no-one-needs-to-know,5009669
976,/book/show/61273347-a-death-at-the-party,5009669
977,/book/show/58733665-the-dressmakers-of-prospect-heights,5009669
978,/book/show/59902346-honor,5009669
979,/book/show/59952176-someday-maybe,5009669
980,/book/show/52503984-follow-me,5009669
981,/book/show/45308022-secret-prince-s-christmas-seduction,5009669
982,/book/show/34078445-canadianity,5009669
983,/book/show/43497054-the-kiss-thief,5009669
984,/book/show/52762856-the-christmas-promise,5009669
985,/book/show/49578805-recipe-for-a-perfect-wife,5009669
986,/book/show/43822820-the-family-upstairs,5009669
987,/book/show/53173736-wham-george-me,5009669
988,/book/show/42654584-the-waiting-hours,5009669
989,/book/show/43263378-the-glittering-hour,5009669
990,/book/show/51020918-the-girl-in-white-gloves,5009669
991,/book/show/35959740-circe,5009669
992,/book/show/45996637-inside-out,5009669
993,/book/show/46221980-the-whispers-of-war,5009669
994,/book/show/43721854-that-churchill-woman,5009669
995,/book/show/43885857-tartine,5009669
996,/book/show/45046808-big-lies-in-a-small-town,5009669
997,/book/show/45885644-the-sun-down-motel,5009669
998,/book/show/861326.The_Viscount_Who_Loved_Me,5009669
999,/book/show/110391.The_Duke_and_I,5009669
